18160D-09-01-P1_S1_L001	1
18160D-09-02-P1_S9_L001	1
18160D-09-03-P1_S2_L001	1
18160D-09-04-P1_S10_L001	1
18160D-09-05-P1_S11_L001	1
18160D-09-06-P1_S12_L001	1
18160D-09-07-P1_S3_L001	1
18160D-09-08-P1_S13_L001	1
18160D-09-09-P1_S1_L001	1
18160D-09-10-P1_S2_L001	1
18160D-09-11-P1_S3_L001	1
18160D-09-12-P1_S4_L001	1
18160D-09-13-P1_S14_L001	1
18160D-09-14-P2_S20_L001	1
18160D-09-15-P1_S15_L001	1
18160D-09-16-P1_S4_L001	1
18160D-09-17-P1_S5_L001	1
18160D-09-18-P1_S6_L001	1
18160D-09-19-P1_S7_L001	1
18160D-09-20-P1_S16_L001	1
18160D-09-21-P1_S17_L001	1
18160D-09-22-P1_S18_L001	1
18160D-09-23-P1_S8_L001	1
